{
  "timestamp": "2025-11-07T16:50:22.034893",
  "source_file": "numeralIntegration.c",
  "baseline": {
    "-O1": 0.005377769470214844,
    "-O2": 0.0034360885620117188,
    "-O3": 0.003340482711791992
  },
  "FOGA": {
    "best_time": 0.002653,
    "total_time": 138.8033640384674,
    "evaluations": 10
  },
  "HBRF": {
    "best_time": 0.0026845932006835938,
    "total_time": 27.345000505447388,
    "evaluations": 170
  },
  "XGBOOST": {
    "best_time": 0.0027277469635009766,
    "total_time": 7.123323440551758,
    "evaluations": 100
  },
  "winner": "FOGA",
  "improvements": {
    "FOGA_vs_O3": 20.580340361144817,
    "HBRF_vs_O3": 19.63457283562915,
    "XGBOOST_vs_O3": 18.342730711583755
  }
}