{
  "timestamp": "2025-11-07T13:18:45.157767",
  "source_file": "matrix_multiply.c",
  "baseline": {
    "-O1": 0.005209684371948242,
    "-O2": 0.005011558532714844,
    "-O3": 0.005454063415527344
  },
  "FOGA": {
    "best_time": 0.002238,
    "total_time": 202.60781598091125,
    "evaluations": 10
  },
  "HBRF": {
    "best_time": 0.0022690296173095703,
    "total_time": 30.716455221176147,
    "evaluations": 170
  },
  "XGBOOST": {
    "best_time": 0.0023183822631835938,
    "total_time": 9.398816347122192,
    "evaluations": 100
  },
  "winner": "FOGA",
  "improvements": {
    "FOGA_vs_O3": 58.96637370169611,
    "HBRF_vs_O3": 58.397447106137435,
    "XGBOOST_vs_O3": 57.492568630879525
  }
}