{
  "best_time": 0.0026845932006835938,
  "total_optimization_time": 26.41264057159424,
  "total_evaluations": 170,
  "enabled_flags": [
    "-falign-jumps",
    "-falign-labels",
    "-fassociative-math",
    "-fauto-inc-dec",
    "-fbranch-probabilities",
    "-fcaller-saves",
    "-fcode-hoisting",
    "-fcommon",
    "-fconserve-stack",
    "-fcrossjumping",
    "-fcx-limited-range",
    "-fdce",
    "-fdefer-pop",
    "-fdelayed-branch",
    "-fdelete-null-pointer-checks",
    "-fdevirtualize",
    "-fearly-inlining",
    "-fexceptions",
    "-ffast-math",
    "-fipa-cp",
    "-fipa-pure-const",
    "-flive-range-shrinkage",
    "-fmove-loop-invariants",
    "-foptimize-sibling-calls",
    "-fpeel-loops",
    "-free",
    "-frerun-cse-after-loop",
    "-fsched-spec",
    "-fschedule-insns",
    "-fsection-anchors",
    "-fsplit-wide-types",
    "-ftrapv",
    "-ftree-ccp",
    "-ftree-fre",
    "-ftree-loop-optimize",
    "-ftree-loop-vectorize",
    "-ftree-pre",
    "-funswitch-loops"
  ],
  "flag_importance": {
    "-ffloat-store": 0.6045563649931404,
    "-ffast-math": 0.19184244957366384,
    "-funsafe-math-optimizations": 0.1848504316104731,
    "-finline-functions": 0.0016909814440863593,
    "-fshrink-wrap": 0.00157896724452339,
    "-fcse-follow-jumps": 0.0008659857084672234,
    "-ftree-builtin-call-dce": 0.0007600463674537259,
    "-fcompare-elim": 0.0004872147950307065,
    "-free": 0.00044565334393148996,
    "-falign-jumps": 0.0004220431867204406,
    "-fipa-sra": 0.0004123870766669183,
    "-falign-labels": 0.00040483726664956236,
    "-foptimize-sibling-calls": 0.0003996552221114846,
    "-fipa-modref": 0.0003733875878435029,
    "-fsection-anchors": 0.00036852938241526583,
    "-ftree-copy-prop": 0.00034519137543997133,
    "-fsplit-wide-types": 0.00031120743771340386,
    "-fcprop-registers": 0.0003009062079954087,
    "-fcombine-stack-adjustments": 0.00027330667784890116,
    "-fmove-loop-invariants": 0.0002705738161689717
  }
}