{
  "best_time": 0.0022521018981933594,
  "total_optimization_time": 28.501096725463867,
  "total_evaluations": 170,
  "enabled_flags": [
    "-faggressive-loop-optimizations",
    "-falign-functions",
    "-falign-jumps",
    "-falign-loops",
    "-fassociative-math",
    "-fcompare-elim",
    "-fcprop-registers",
    "-fdefer-pop",
    "-fdelayed-branch",
    "-fdelete-null-pointer-checks",
    "-ffloat-store",
    "-fipa-cp-clone",
    "-fipa-icf",
    "-finline-functions",
    "-fipa-modref",
    "-fipa-sra",
    "-flive-range-shrinkage",
    "-foptimize-sibling-calls",
    "-fpeel-loops",
    "-free",
    "-fsched-interblock",
    "-fsched-spec",
    "-fsection-anchors",
    "-fshort-enums",
    "-fsplit-paths",
    "-ftree-bit-ccp",
    "-ftree-ccp",
    "-ftree-ch",
    "-ftree-dce",
    "-ftree-dse",
    "-ftree-forwprop",
    "-ftree-fre",
    "-ftree-loop-optimize",
    "-ftree-loop-vectorize",
    "-ftree-pre",
    "-ftree-pta",
    "-ftree-reassoc",
    "-ftree-ter",
    "-ftree-vrp",
    "-fweb",
    "-fwrapv"
  ],
  "flag_importance": {
    "-fcrossjumping": 0.05387370010707944,
    "-free": 0.043580572888396896,
    "-ftree-ccp": 0.03480156076998829,
    "-ftree-bit-ccp": 0.02976374497057524,
    "-fsection-anchors": 0.02825043608092258,
    "-ftrapv": 0.026922604896398295,
    "-fipa-pure-const": 0.023818841474563965,
    "-falign-functions": 0.02091597592347483,
    "-ftree-sra": 0.02081263834845002,
    "-ffinite-math-only": 0.020069377105689287,
    "-fdelayed-branch": 0.018328533310089146,
    "-ftree-ter": 0.01782294443167718,
    "-fomit-frame-pointer": 0.017746757549718342,
    "-frounding-math": 0.017513789046279326,
    "-ftree-reassoc": 0.016311553878077964,
    "-ftree-forwprop": 0.015766921845890455,
    "-fexceptions": 0.015533293326060632,
    "-fearly-inlining": 0.01524507364467888,
    "-fipa-icf": 0.014836334945801784,
    "-fdelete-null-pointer-checks": 0.014152416267456615
  }
}